id,name,model_id:id,group_id:id,perm_read,perm_write,perm_create,perm_unlink

access_contracting_company_manager,access_contracting_company_manager,model_pm_contracting_company,group_project_manager,1,1,1,1
access_project_manager,access_project_manager,model_pm_project,group_project_manager,1,1,1,1
access_task_manager,access_task_manager,model_pm_task,group_project_manager,1,1,1,1

access_contracting_company_analyst,access_contracting_company_analyst,model_pm_contracting_company,group_analyst,1,0,0,0
access_project_analyst,access_project_analyst,model_pm_project,group_analyst,1,0,0,0
access_task_analyst,access_task_analyst,model_pm_task,group_analyst,1,1,1,1

access_task_programmer,access_task_programmer,model_pm_task,group_programmer,1,1,0,0